{
  "posts": [
    {
      "id": 1,
      "title": "json-server",
      "author": "typicode"
    }
  ],
  "comments": [
    {
      "id": 1,
      "body": "some comment",
      "postId": 1
    }
  ],
  "profile": {
    "name": "typicode"
  },
  "news": [
    {
      "title": "Stock Market LIVE Updates: Nifty, Sensex trade flat; HDFC twins, RIL most active - Moneycontrol",
      "urlToImage": "https://images.moneycontrol.com/static-mcnews/2023/07/market_volatile1-2-770x433.jpg",
      "author": "Rakesh Patil",
      "id": 1
    },
    {
      "title": "Stock Market LIVE Updates: Nifty, Sensex trade flat; HDFC twins, RIL most active - Moneycontrol",
      "urlToImage": "https://images.moneycontrol.com/static-mcnews/2023/07/market_volatile1-2-770x433.jpg",
      "author": "Rakesh Patil",
      "id": 2
    },
    {
      "title": "Evidence of potential life on Venus found! - Economic Times",
      "urlToImage": "https://img.etimg.com/thumb/msid-101691557,width-1070,height-580,imgsize-670,overlay-economictimes/photo.jpg",
      "author": "ET Online",
      "id": 3
    },
    {
      "title": "Stock Market LIVE Updates: Nifty, Sensex trade flat; HDFC twins, RIL most active - Moneycontrol",
      "urlToImage": "https://images.moneycontrol.com/static-mcnews/2023/07/market_volatile1-2-770x433.jpg",
      "author": "Rakesh Patil",
      "id": 4
    },
    {
      "title": "Stock Market LIVE Updates: Nifty, Sensex trade flat; HDFC twins, RIL most active - Moneycontrol",
      "urlToImage": "https://images.moneycontrol.com/static-mcnews/2023/07/market_volatile1-2-770x433.jpg",
      "author": "Rakesh Patil",
      "id": 5
    },
    {
      "title": "Evidence of potential life on Venus found! - Economic Times",
      "urlToImage": "https://img.etimg.com/thumb/msid-101691557,width-1070,height-580,imgsize-670,overlay-economictimes/photo.jpg",
      "author": "ET Online",
      "id": 6
    }
  ]
}